NG√ÄY B·∫ÆT ƒê·∫¶U,ID T√ÄI KHO·∫¢N,T√äN T√ÄI KHO·∫¢N,ID CHI·∫æN D·ªäCH,T√äN CHI·∫æN D·ªäCH,NG√ÇN S√ÅCH CHI·∫æN D·ªäCH (VND),ID NH√ìM QU·∫¢NG C√ÅO,T√äN NH√ìM QU·∫¢NG C√ÅO,NG√ÇN S√ÅCH NH√ìM QU·∫¢NG C√ÅO (VND),CHI TI√äU NH√ìM QU·∫¢NG C√ÅO (VND),T√äN QU·∫¢NG C√ÅO,L∆Ø·ª¢T B·∫ÆT ƒê·∫¶U TR√í CHUY·ªÜN,K·∫æT QU·∫¢,CHI PH√ç/M·ªñI K·∫æT QU·∫¢ (VND),CHI TI√äU QU·∫¢NG C√ÅO (VND),CPC CLICK (QC) (VND),CPC T·∫§T C·∫¢ (QC) (VND),CTR CLICK (QC) (%),CTR T·∫§T C·∫¢ (QC) (%),CPM (QC) (VND),L∆Ø·ª¢T HI·ªÇN TH·ªä (QC),NG∆Ø·ªúI TI·∫æP C·∫¨N (QC)
2025-12-31,1517641502843989,ƒê√¥ng T√¢y 4,6883006764370,11/12 _ MIK OCP 23_ƒë√¥ng ƒë√¥ land - B·∫£n sao 5,,6883257882970,3 - 1,216666,210548,1,1,1,210548,210548,1583,1583,2.37%,3.51%,55554,3790.0,2921
2025-12-31,1517641502843989,ƒê√¥ng T√¢y 4,6883006764370,11/12 _ MIK OCP 23_ƒë√¥ng ƒë√¥ land - B·∫£n sao 5,,6884129161970,4 - B·∫£n sao,216666,211737,2,,,,211737,1641,1641,2.91%,3.76%,61713,3431.0,3029
2025-12-31,1517641502843989,ƒê√¥ng T√¢y 4,6883006764370,11/12 _ MIK OCP 23_ƒë√¥ng ƒë√¥ land - B·∫£n sao 5,,6884478866970,4 - B·∫£n sao 2,216666,206407,2,,,,206407,2150,2150,1.64%,2.32%,49809,4144.0,3875
2025-12-31,1517641502843989,ƒê√¥ng T√¢y 4,6883006764370,11/12 _ MIK OCP 23_ƒë√¥ng ƒë√¥ land - B·∫£n sao 5,,6884478868570,4 - B·∫£n sao 2,216666,218754,2,,,,218754,2007,2007,2.0%,2.98%,59834,3656.0,3398
2025-12-31,1517641502843989,ƒê√¥ng T√¢y 4,6883006764370,11/12 _ MIK OCP 23_ƒë√¥ng ƒë√¥ land - B·∫£n sao 5,,6884478867570,4 - B·∫£n sao 2,216666,214027,2,,,,214027,1646,1646,2.46%,3.02%,49739,4303.0,4096
2025-12-31,26067448679509829,Ng·ªçc H·∫£i 3,6906178198676,Lead mess 1 ·∫£nh content ng·∫Øn 23/12,400000,6906178199076,Lead mess 1 ·∫£nh content ng·∫Øn 23/12/,,381376,Lead mess 1 ·∫£nh content ng·∫Øn 23-12,,1,381376,381376,3632,3632,0.53%,1.59%,57706,6609.0,4873
2025-12-31,1714802558997443,BƒêS5,120240795606930740,28/12_Cen Land_MIK The Park Land_C Ph∆∞∆°ng_0988159007 - B·∫£n sao,,120240795607020740,1,316666,42681,1,,,,42681,277,277,0.82%,7.4%,20500,2082.0,1950
2025-12-31,1714802558997443,BƒêS5,120240835661550740,28/12_Cen Land_MIK The Park Land_C Ph∆∞∆°ng_0988159007 - B·∫£n sao 2,,120240835661620740,1,316666,26994,1,,,,26994,307,307,0.92%,7.34%,22514,1199.0,1102
2025-12-31,1714802558997443,BƒêS5,120240835661570740,28/12_Cen Land_MIK The Park Land_C Ph∆∞∆°ng_0988159007 - B·∫£n sao 2,,120240835661540740,1,316666,34804,1,,,,34804,352,352,1.13%,6.2%,21807,1596.0,1485
2025-12-31,1714802558997443,BƒêS5,120240876408050740,31/12_Cen Land_MIK The Park Land_C Ph∆∞∆°ng_0988159007,,120240876408090740,1,216666,104909,1,,,,88173,1242,1242,1.66%,3.18%,39469,2234.0,2042
2025-12-31,1714802558997443,BƒêS5,120240876408050740,31/12_Cen Land_MIK The Park Land_C Ph∆∞∆°ng_0988159007,,120240876408090740,1,216666,104909,2,,,,1666,555,555,2.56%,3.85%,21359,78.0,77
2025-12-31,1714802558997443,BƒêS5,120240876408050740,31/12_Cen Land_MIK The Park Land_C Ph∆∞∆°ng_0988159007,,120240876408090740,1,216666,104909,3,,,,15070,1159,1159,0.97%,2.09%,24267,621.0,584
2025-12-31,1714802558997443,BƒêS5,120240876549640740,31/12_Cen Land_MIK The Park Land_C Ph∆∞∆°ng_0988159007,,120240876549630740,1,216666,103058,3,,,,11324,566,566,0.74%,2.96%,16751,676.0,660
2025-12-31,1714802558997443,BƒêS5,120240876549640740,31/12_Cen Land_MIK The Park Land_C Ph∆∞∆°ng_0988159007,,120240876549630740,1,216666,103058,1,1,1,89134,89134,796,796,1.03%,3.39%,26961,3306.0,2999
2025-12-31,1714802558997443,BƒêS5,120240876549640740,31/12_Cen Land_MIK The Park Land_C Ph∆∞∆°ng_0988159007,,120240876549630740,1,216666,103058,2,,,,2600,867,867,0.7%,2.11%,18310,142.0,136
2025-12-31,1714802558997443,BƒêS5,120240876562120740,31/12_Cen Land_MIK The Park Land_C Ph∆∞∆°ng_0988159007 - FORM,,120240876562110740,1,216666,117887,3,,,,70507,7834,7834,1.19%,2.14%,167475,421.0,371
2025-12-31,1714802558997443,BƒêS5,120240876562120740,31/12_Cen Land_MIK The Park Land_C Ph∆∞∆°ng_0988159007 - FORM,,120240876562110740,1,216666,117887,2,,,,19019,19019,19019,2.33%,2.33%,442302,43.0,42
2025-12-31,1714802558997443,BƒêS5,120240876562120740,31/12_Cen Land_MIK The Park Land_C Ph∆∞∆°ng_0988159007 - FORM,,120240876562110740,1,216666,117887,1,,,,28361,4052,4052,2.07%,2.9%,117680,241.0,210
2025-12-31,995668621495147,Hai san 2,120237209972210176,11/12_Aria Bay_A Nam ft ƒê·∫°i_SRT,,120237209972550176,l√™n ƒë·ªânh ƒëi m√†,1234567,1181145,2,10,1,1181145,1181145,546,546,1.08%,4.24%,23131,51064.0,46742
2025-12-31,995668621495147,Hai san 2,120237617063280176,19/12_Aria Bay _ A nam ft ƒê·∫°i_SRT. - Copy,,120238007037370176,Nh√≥m 1 - Copy 11,350000,7263,B√†i 2,,,,7263,,,,0.0%,113484,64.0,46
2025-12-31,995668621495147,Hai san 2,120237209972210176,11/12_Aria Bay_A Nam ft ƒê·∫°i_SRT,,120238007047560176,l√™n ƒë·ªânh ƒëi m√† - Copy 7,218888,79368,2,1,1,79368,79368,630,630,0.56%,4.45%,28016,2833.0,2630
2025-12-31,995668621495147,Hai san 2,120237617063280176,19/12_Aria Bay _ A nam ft ƒê·∫°i_SRT. - Copy,,120238007104110176,Nh√≥m 1 - Copy 6,300000,8405,B√†i 2,,,,8405,4202,4202,1.89%,3.77%,158585,53.0,53
2025-12-31,995668621495147,Hai san 2,120237209972210176,11/12_Aria Bay_A Nam ft ƒê·∫°i_SRT,,120238023516580176,l√™n ƒë·ªânh ƒëi m√† - Copy 8,218888,85557,2,1,,,85557,629,629,1.01%,5.71%,35933,2381.0,2211
2025-12-31,995668621495147,Hai san 2,120237617063280176,19/12_Aria Bay _ A nam ft ƒê·∫°i_SRT. - Copy,,120238050427540176,Nh√≥m 1 - Copy 12,350000,209805,B√†i 2,,,,209805,3131,3131,1.62%,1.78%,55874,3755.0,2169
2025-12-31,995668621495147,Hai san 2,120237617063280176,19/12_Aria Bay _ A nam ft ƒê·∫°i_SRT. - Copy,,120238050468470176,Nh√≥m 1 - Copy 7,300000,204484,B√†i 2,,,,204484,14606,14606,0.83%,1.66%,242280,844.0,773
2025-12-31,995668621495147,Hai san 2,120237209972210176,11/12_Aria Bay_A Nam ft ƒê·∫°i_SRT,,120238050544410176,l√™n ƒë·ªânh ƒëi m√† - Copy 7,618888,215639,2,2,,,215639,553,553,0.76%,5.69%,31439,6859.0,6059
2025-12-31,995668621495147,Hai san 2,120237209972210176,11/12_Aria Bay_A Nam ft ƒê·∫°i_SRT,,120238059058750176,l√™n ƒë·ªânh ƒëi m√† - Copy 8,218888,159377,2,,,,159377,857,857,0.95%,3.91%,33511,4756.0,4248
2025-12-31,995668621495147,Hai san 2,120237209972210176,11/12_Aria Bay_A Nam ft ƒê·∫°i_SRT,,120238073872670176,l√™n ƒë·ªânh ƒëi m√† - Copy 8,618888,205442,2,1,,,205442,938,938,1.18%,3.48%,32662,6290.0,5700
2025-12-31,995668621495147,Hai san 2,120237209972210176,11/12_Aria Bay_A Nam ft ƒê·∫°i_SRT,,120238083498340176,l√™n ƒë·ªânh ƒëi m√† - Copy 9,618888,64757,2,1,,,64757,899,899,1.87%,4.21%,37870,1710.0,1526
2025-12-31,651623983797722,BƒêS6,120239731497800745,17/12_ TICALAND_ALLUMI_ TCL02 - Khu·∫•t Th·ªã H·∫°nh,,120239789216770745,Nh√≥m 2,400000,25522,B√†i 4,,,,25522,3646,3646,0.93%,3.24%,118157,216.0,210
2025-12-31,651623983797722,BƒêS6,120239731497800745,17/12_ TICALAND_ALLUMI_ TCL02 - Khu·∫•t Th·ªã H·∫°nh,,120240180899700745,Nh√≥m 5,500000,127839,B√†i 9,,,,127839,42613,42613,,6.25%,2663312,48.0,45
2025-12-31,651623983797722,BƒêS6,120240219904230745,26/12_ TICALAND_ALLUMI_ TCL02 - Khu·∫•t Th·ªã H·∫°nh,,120240219904220745,Nh√≥m 8,500000,5201,B√†i 19,,,,5201,1300,1300,5.15%,4.12%,53619,97.0,94
2025-12-31,651623983797722,BƒêS6,120240219904230745,26/12_ TICALAND_ALLUMI_ TCL02 - Khu·∫•t Th·ªã H·∫°nh,,120240220743730745,Nh√≥m 10,500000,5868,B√†i 14,,,,5868,1956,1956,0.71%,2.14%,41914,140.0,131
2025-12-31,1363488494362616,Hai san 3,120237570779310739,18/12_Landmark 35 H·∫° Long_S∆°n_SRT,,120237570779330739,Nh√≥m 1,1500000,747345,B√†i 1,,,,747345,2568,2568,2.4%,3.29%,84532,8841.0,7000
2025-12-31,1363488494362616,Hai san 3,120237570779310739,18/12_Landmark 35 H·∫° Long_S∆°n_SRT,,120237775959040739,Nh√≥m 2 - B·∫£n sao 3,1500000,1068515,B√†i 4,1,1,1068515,1068515,5343,5343,0.64%,1.62%,86449,12360.0,9840
2025-12-31,1363488494362616,Hai san 3,120237570779310739,18/12_Landmark 35 H·∫° Long_S∆°n_SRT,,120237822284930739,Nh√≥m 2 - B·∫£n sao 4,1500000,755998,B√†i 4,,,,755998,5727,5727,0.57%,1.71%,97712,7737.0,6620
2025-12-31,1363488494362616,Hai san 3,120237570779310739,18/12_Landmark 35 H·∫° Long_S∆°n_SRT,,120237885354260739,1,1000000,498215,1,,,,498215,9058,9058,0.75%,1.52%,137819,3615.0,2827
2025-12-31,1363488494362616,Hai san 3,120237570779310739,18/12_Landmark 35 H·∫° Long_S∆°n_SRT,,120237923480970739,1 - B·∫£n sao,1000000,490567,1,,,,490567,7433,7433,0.86%,1.42%,105566,4647.0,3656
2025-12-31,1363488494362616,Hai san 3,120237923809770739,30/12_Landmark 35 H·∫° Long_S∆°n_SRT - B·∫£n sao 3,500000,120237923809790739,1,,459152,3,1,1,459152,459152,6559,6559,0.49%,3.43%,225075,2040.0,1552
2025-12-31,661201295899366,BƒêS7,120239069506060787,13/12_Aria Bay_c L√™ Vy_SRT - 1,,120239069506080787,Nhi·ªÅu s·ªë,300000,77710,1,,,,74547,74547,74547,0.17%,0.17%,124452,599.0,559
2025-12-31,661201295899366,BƒêS7,120239069506060787,13/12_Aria Bay_c L√™ Vy_SRT - 1,,120239069506080787,Nhi·ªÅu s·ªë,300000,77710,3,,,,3163,,,,0.0%,131792,24.0,23
2025-12-31,661201295899366,BƒêS7,120239536393620787,13/12_Aria Bay_c L√™ Vy_SRT - 1 - B·∫£n sao,,120239536393590787,Nhi·ªÅu s·ªë,300000,97978,3,,,,10375,,,,0.0%,96065,108.0,106
2025-12-31,661201295899366,BƒêS7,120239536393620787,13/12_Aria Bay_c L√™ Vy_SRT - 1 - B·∫£n sao,,120239536393590787,Nhi·ªÅu s·ªë,300000,97978,1,1,1,87603,87603,29201,29201,0.23%,0.69%,200465,437.0,411
2025-12-31,661201295899366,BƒêS7,120239623930410787,13/12_Aria Bay_c L√™ Vy_SRT - 1 - B·∫£n sao 2,,120239623930500787,Nhi·ªÅu s·ªë,300000,53753,1,,,,39788,,,,0.0%,150712,264.0,253
2025-12-31,661201295899366,BƒêS7,120239623930410787,13/12_Aria Bay_c L√™ Vy_SRT - 1 - B·∫£n sao 2,,120239623930500787,Nhi·ªÅu s·ªë,300000,53753,3,,,,13965,,,,0.0%,196690,71.0,70
2025-12-31,388495156872335,BƒêS 17,120235672026440590,12/12_Alumi_H√≤a_An Ph√∫c,300000,120235672654550590,3,,1562705,1 - B·∫£n sao,3,3,252428,757285,5916,5916,1.39%,2.96%,175297,4320.0,4067
2025-12-31,388495156872335,BƒêS 17,120235672026440590,12/12_Alumi_H√≤a_An Ph√∫c,300000,120235672654550590,3,,1562705,1,,,,805420,8219,8219,1.17%,2.12%,174560,4614.0,4369
2025-12-31,781021683852700,BƒêS 12,120237511445770694,10/12_An Zen Residences_C Ng·ªçc_Cen Land - B·∫£n sao 3,,120237511445790694,4,500000,803696,1 - B·∫£n sao,,,,803696,1348,1348,1.69%,2.94%,39593,20299.0,15970
2025-12-31,736936405163715,BƒêS10,120241880799070022,Alluvia Tu·∫•n FH 0979929091 29/12 video,,120241880799120022,KINH DOANH BDS,299000,145749,VIDEO,,,,145749,14575,14575,0.66%,2.19%,319625,456.0,439
2025-12-31,736936405163715,BƒêS10,120241880799070022,Alluvia Tu·∫•n FH 0979929091 29/12 video,,120241880846080022,KINH DOANH BDS - AD,499000,265676,VIDEO,,,,265676,12076,12076,0.54%,2.95%,355657,747.0,681
2025-12-31,422046483691686,BƒêS27,120236677176940192,31/12_tuy·ªÉn d·ª•ng_Cen Land,,120236677176920192,vi·ªác l√†m+bƒës,200999,80010,1,,,,75167,3758,3758,1.06%,2.65%,99691,754.0,555
2025-12-31,422046483691686,BƒêS27,120236677176940192,31/12_tuy·ªÉn d·ª•ng_Cen Land,,120236677176920192,vi·ªác l√†m+bƒës,200999,80010,2,,,,4843,,,,0.0%,115310,42.0,36
2025-12-31,1351159522249433,010,120236810983420622,26/12_ƒê·∫°i_Mas Era_FH,,120236947709150622,"v√†ng, kim c∆∞∆°ng - Copy 7",199999,140997,3 - B·∫£n sao - Copy,,,,140997,28199,28199,0.82%,0.68%,191833,735.0,645
2025-12-31,1351159522249433,010,120236810983420622,26/12_ƒê·∫°i_Mas Era_FH,,120236971109280622,"v√†ng, kim c∆∞∆°ng - Copy 7",199999,191786,3 - B·∫£n sao - Copy,,,,191786,14753,14753,1.57%,1.57%,231346,829.0,716
2025-12-31,1351159522249433,010,120236810983420622,26/12_ƒê·∫°i_Mas Era_FH,,120236971339930622,"v√†ng, kim c∆∞∆°ng - Copy 7",199999,85065,3 - B·∫£n sao,,,,85065,42532,42532,0.64%,1.28%,545288,156.0,145
2025-12-31,953484472972242,BƒêS19,120236391181980223,20/11_Alluvia_A Hi·∫øu_ Cen Land,,120236947751490223,xe sang - B·∫£n sao 14,320000,141364,1,,,,141364,23561,23561,0.45%,1.36%,319828,442.0,419
2025-12-31,953484472972242,BƒêS19,120236391181980223,20/11_Alluvia_A Hi·∫øu_ Cen Land,,120236994746490223,xe sang - B·∫£n sao 15,420000,875,1,,,,875,,,,0.0%,175000,5.0,5
2025-12-31,953484472972242,BƒêS19,120236391181980223,20/11_Alluvia_A Hi·∫øu_ Cen Land,,120238301176640223,xe sang - B·∫£n sao 14 - Copy 6,280000,95119,1,,,,95119,31706,31706,0.41%,1.22%,388241,245.0,241
2025-12-31,953484472972242,BƒêS19,120236391181980223,20/11_Alluvia_A Hi·∫øu_ Cen Land,,120238301191230223,xe sang - B·∫£n sao 14 - Copy 4,320000,35740,1,,,,35740,17870,17870,3.39%,3.39%,605763,59.0,59
2025-12-31,953484472972242,BƒêS19,120236391181980223,20/11_Alluvia_A Hi·∫øu_ Cen Land,,120238316204190223,xe sang - B·∫£n sao 14 - Copy 5,320000,182996,1,,,,182996,60999,60999,0.41%,0.61%,372701,491.0,476
2025-12-31,953484472972242,BƒêS19,120236391181980223,20/11_Alluvia_A Hi·∫øu_ Cen Land,,120238316217960223,xe sang - B·∫£n sao 14 - Copy 7,280000,157401,1,,,,157401,157401,157401,,0.4%,629604,250.0,248
2025-12-31,1870368286813057,BƒêS28,120239369919560245,29/12 MIK H·∫† LONG SRT _ PAGE M·ªöI - Q,,120239369919690245,dautu - Copy 2,218888,150752,oke la,,,,150752,7179,7179,1.74%,4.57%,327722,460.0,398
2025-12-31,1870368286813057,BƒêS28,120239369919560245,29/12 MIK H·∫† LONG SRT _ PAGE M·ªöI - Q,,120239385432090245,dautu - Copy,218888,6568,oke la,,,,6568,,,,0.0%,79133,83.0,73
2025-12-31,1870368286813057,BƒêS28,120239369919560245,29/12 MIK H·∫† LONG SRT _ PAGE M·ªöI - Q,,120239410587930245,dautu - Copy 2,188888,120808,oke la,,,,120808,9293,9293,1.12%,1.83%,169674,712.0,567
2025-12-31,750302963910182,BƒêS30,120237583127670648,31/12 RUBY RIVERSIDE C Di·ªáp Cen Land 098 876 4486 / 090 202 3383,500000,120237583127680648,KINH DOANH BDS,,183592,·∫¢NH XANH,,,,110060,13758,13758,0.46%,0.92%,126651,869.0,772
2025-12-31,750302963910182,BƒêS30,120237583127670648,31/12 RUBY RIVERSIDE C Di·ªáp Cen Land 098 876 4486 / 090 202 3383,500000,120237583127680648,KINH DOANH BDS,,183592,"S√ÅNG ƒê∆ØA CON ƒêI H·ªåC, T·ªêI T√åM CH·ªñ ƒê·ªñ XE""",,,,30178,10059,10059,,2.19%,220277,137.0,116
2025-12-31,750302963910182,BƒêS30,120237583127670648,31/12 RUBY RIVERSIDE C Di·ªáp Cen Land 098 876 4486 / 090 202 3383,500000,120237583127680648,KINH DOANH BDS,,183592,S·ªû H·ªÆU NH√Ä SANG LONG BI√äN - CH·ªà V·ªöI 30% V·ªêN T·ª∞ C√ì üî•,,,,2315,,,,0.0%,231500,10.0,10
2025-12-31,750302963910182,BƒêS30,120237583127670648,31/12 RUBY RIVERSIDE C Di·ªáp Cen Land 098 876 4486 / 090 202 3383,500000,120237583127680648,KINH DOANH BDS,,183592,·∫¢NH T·∫æT,,,,40015,5716,5716,0.51%,1.77%,101304,395.0,368
2025-12-31,750302963910182,BƒêS30,120237583127670648,31/12 RUBY RIVERSIDE C Di·ªáp Cen Land 098 876 4486 / 090 202 3383,500000,120237583127680648,KINH DOANH BDS,,183592,·∫¢NH T·∫æT - B·∫£n sao,,,,1024,,,,0.0%,170667,6.0,6
2025-12-31,750302963910182,BƒêS30,120237583127670648,31/12 RUBY RIVERSIDE C Di·ªáp Cen Land 098 876 4486 / 090 202 3383,500000,120237588933680648,KINH DOANH BDS - ad,,67091,S·ªû H·ªÆU NH√Ä SANG LONG BI√äN - CH·ªà V·ªöI 30% V·ªêN T·ª∞ C√ì üî•,,,,1955,,,,0.0%,102895,19.0,18
2025-12-31,750302963910182,BƒêS30,120237583127670648,31/12 RUBY RIVERSIDE C Di·ªáp Cen Land 098 876 4486 / 090 202 3383,500000,120237588933680648,KINH DOANH BDS - ad,,67091,·∫¢NH T·∫æT,,,,10137,,,,0.0%,184309,55.0,52
2025-12-31,750302963910182,BƒêS30,120237583127670648,31/12 RUBY RIVERSIDE C Di·ªáp Cen Land 098 876 4486 / 090 202 3383,500000,120237588933680648,KINH DOANH BDS - ad,,67091,·∫¢NH XANH,,,,32329,5388,5388,0.7%,2.11%,113835,284.0,257
2025-12-31,750302963910182,BƒêS30,120237583127670648,31/12 RUBY RIVERSIDE C Di·ªáp Cen Land 098 876 4486 / 090 202 3383,500000,120237588933680648,KINH DOANH BDS - ad,,67091,"S√ÅNG ƒê∆ØA CON ƒêI H·ªåC, T·ªêI T√åM CH·ªñ ƒê·ªñ XE""",,,,22670,5668,5668,1.49%,2.99%,169179,134.0,125
2025-12-31,374480628764934,BƒêS23,120244928705020779,31/12_Alumi_Cen Land_Lead,,120244928705040779,ngang k text,218888,114619,üßñ‚Äç‚ôÄÔ∏è CH·∫≤NG C·∫¶N ƒêI KIM B√îI HAY THANH TH·ª¶Y - M·∫†CH KHO√ÅNG N√ìNG NGAY CƒÇN H·ªò!,,,,62633,8948,8948,0.7%,0.98%,87354,717.0,635
2025-12-31,374480628764934,BƒêS23,120244928705020779,31/12_Alumi_Cen Land_Lead,,120244928705040779,ngang k text,218888,114619,‚ô®Ô∏è CƒÇN H·ªò KHO√ÅNG N√ìNG T·ª∞ NHI√äN R·∫∫ NH·∫§T PH√çA ƒê√îNG H√Ä N·ªòI - CH·ªà T·ª™ 6X TR/M2.,,,,18054,18054,18054,,0.57%,102580,176.0,164
2025-12-31,374480628764934,BƒêS23,120244928705020779,31/12_Alumi_Cen Land_Lead,,120244928705040779,ngang k text,218888,114619,üöÄ C√ö H√çCH C·∫¶U NG·ªåC H·ªíI ‚Äì,,,,33932,5655,5655,1.52%,2.27%,128530,264.0,237
2025-12-31,374480628764934,BƒêS23,120244928705020779,31/12_Alumi_Cen Land_Lead,,120244930621150779,d·ªçc,218888,76129,üßñ‚Äç‚ôÄÔ∏è CH·∫≤NG C·∫¶N ƒêI KIM B√îI HAY THANH TH·ª¶Y - M·∫†CH KHO√ÅNG N√ìNG NGAY CƒÇN H·ªò!,,,,49817,12454,12454,0.82%,1.64%,204168,244.0,226
2025-12-31,374480628764934,BƒêS23,120244928705020779,31/12_Alumi_Cen Land_Lead,,120244930621150779,d·ªçc,218888,76129,üöÄ C√ö H√çCH C·∫¶U NG·ªåC H·ªíI ‚Äì,,,,18669,6223,6223,,1.9%,118158,158.0,152
2025-12-31,374480628764934,BƒêS23,120244928705020779,31/12_Alumi_Cen Land_Lead,,120244930621150779,d·ªçc,218888,76129,‚ô®Ô∏è CƒÇN H·ªò KHO√ÅNG N√ìNG T·ª∞ NHI√äN R·∫∫ NH·∫§T PH√çA ƒê√îNG H√Ä N·ªòI - CH·ªà T·ª™ 6X TR/M2.,,,,7643,,,,0.0%,57466,133.0,123
2025-12-31,374480628764934,BƒêS23,120244928705020779,31/12_Alumi_Cen Land_Lead,,120244930761440779,ngangc √≥ text,218888,92296,‚ô®Ô∏è CƒÇN H·ªò KHO√ÅNG N√ìNG T·ª∞ NHI√äN R·∫∫ NH·∫§T PH√çA ƒê√îNG H√Ä N·ªòI - CH·ªà T·ª™ 6X TR/M2.,,,,1180,,,,0.0%,43704,27.0,26
2025-12-31,374480628764934,BƒêS23,120244928705020779,31/12_Alumi_Cen Land_Lead,,120244930761440779,ngangc √≥ text,218888,92296,üöÄ C√ö H√çCH C·∫¶U NG·ªåC H·ªíI ‚Äì,,,,40650,10162,10162,4.21%,4.21%,427895,95.0,90
2025-12-31,374480628764934,BƒêS23,120244928705020779,31/12_Alumi_Cen Land_Lead,,120244930761440779,ngangc √≥ text,218888,92296,üßñ‚Äç‚ôÄÔ∏è CH·∫≤NG C·∫¶N ƒêI KIM B√îI HAY THANH TH·ª¶Y - M·∫†CH KHO√ÅNG N√ìNG NGAY CƒÇN H·ªò!,,,,50466,7209,7209,1.31%,1.83%,131765,383.0,355
2025-12-31,302907212831472,BƒêS29,120239860805240454,29/12_Him Lam Th∆∞·ªùng T√≠n_A Trung_Tr∆∞·ªùng Th√†nh Land,489615,120239860805290454,ƒê·∫¶U T∆Ø,,460352,VIDEO,,,,460352,27080,27080,0.8%,1.71%,462665,995.0,837
2025-12-31,302907212831472,BƒêS29,120239899768630454,29/12_Him Lam Th∆∞·ªùng T√≠n_A Trung_Tr∆∞·ªùng Th√†nh Land - B·∫£n sao,489615,120239899768640454,ƒê·∫¶U T∆Ø,,264085,VIDEO,,,,264085,18863,18863,0.66%,1.53%,288302,916.0,756
2025-12-31,302907212831472,BƒêS29,120239911719390454,30/12_Him Lam Th∆∞·ªùng T√≠n_A Trung_Tr∆∞·ªùng Th√†nh Land,489615,120239911719460454,ƒê·∫¶U T∆Ø,,267423,VIDEO,3,3,89141,267423,9905,9905,1.09%,1.97%,194631,1374.0,1198
2025-12-31,302907212831472,BƒêS29,120239944135610454,29/12_Him Lam Th∆∞·ªùng T√≠n_A Trung_Tr∆∞·ªùng Th√†nh Land - B·∫£n sao 2,189615,120239944135630454,ƒê·∫¶U T∆Ø,,314336,VIDEO,,,,314336,15717,15717,0.91%,2.01%,316233,994.0,782
2025-12-31,302907212831472,BƒêS29,120239945301310454,29/12_Him Lam Th∆∞·ªùng T√≠n_A Trung_Tr∆∞·ªùng Th√†nh Land - B·∫£n sao,489615,120239945301290454,ƒê·∫¶U T∆Ø,,140742,VIDEO,1,1,140742,140742,12795,12795,0.89%,2.46%,314156,448.0,414
2025-12-31,808016768171040,Hai san 4,120238732867420504,26/12_Imperia Holiday H·∫° Long_Anh Duy_SRT - 3 - B·∫£n sao 6,,120238732867230504,L·∫°y c·ª• cho con nhi·ªÅu s·ªë,499999,415912,2,1,1,415912,415912,29708,29708,0.58%,1.01%,299433,1389.0,1140
2025-12-31,808016768171040,Hai san 4,120238732867410504,26/12_Imperia Holiday H·∫° Long_Anh Duy_SRT - 3 - B·∫£n sao 6,,120238732867220504,L·∫°y c·ª• cho con nhi·ªÅu s·ªë,499999,283353,2,,,,283353,21796,21796,1.1%,2.03%,443432,639.0,569
2025-12-31,808016768171040,Hai san 4,120238371910250504,22/12_Sun Centro_A Duy_SRT - Copy 5,,120238735137520504,target m·ªõi - Copy 2,300000,240302,New Leads Ad - Copy,,,,240302,3247,3247,0.54%,3.65%,118609,2026.0,1688
2025-12-31,808016768171040,Hai san 4,120238371910250504,22/12_Sun Centro_A Duy_SRT - Copy 5,,120238735192640504,c·ªë l√™n l∆∞·ª£m ∆°i - Copy 14,300000,2457,New Leads Ad - Copy,,,,2457,,,,0.0%,351000,7.0,7
2025-12-31,808016768171040,Hai san 4,120237155456060504,2/12_Sun Centro_A Duy_SRT,,120238747345400504,v√°c balo m√† ƒëi - Copy 12,300000,8693,New Leads Ad,,,,8693,8693,8693,,4.35%,377957,23.0,23
2025-12-31,808016768171040,Hai san 4,120237155456060504,2/12_Sun Centro_A Duy_SRT,,120238747384250504,v√°c balo m√† ƒëi - Copy 11,300000,25922,New Leads Ad,,,,25922,,,,0.0%,648050,40.0,38
2025-12-31,808016768171040,Hai san 4,120238371910250504,22/12_Sun Centro_A Duy_SRT - Copy 5,,120238747470440504,c·ªë l√™n l∆∞·ª£m ∆°i - Copy 15,300000,4034,New Leads Ad - Copy,,,,4034,,,,0.0%,504250,8.0,8
2025-12-31,808016768171040,Hai san 4,120238371910250504,22/12_Sun Centro_A Duy_SRT - Copy 5,,120238766161190504,c·ªë l√™n l∆∞·ª£m ∆°i - Copy 16,300000,161520,New Leads Ad - Copy,,,,161520,8973,8973,0.69%,4.16%,373025,433.0,384
2025-12-31,808016768171040,Hai san 4,120238371910250504,22/12_Sun Centro_A Duy_SRT - Copy 5,,120238766184470504,target m·ªõi - Copy 6,200000,182767,New Leads Ad - Copy,1,,,182767,4352,4352,0.55%,2.87%,125097,1461.0,1202
2025-12-31,808016768171040,Hai san 4,120238371910250504,22/12_Sun Centro_A Duy_SRT - Copy 5,,120238766605010504,target m·ªõi - Copy 3,300000,94089,New Leads Ad - Copy,,,,94089,3485,3485,0.23%,3.1%,107900,872.0,778
2025-12-31,808016768171040,Hai san 4,120238371910250504,22/12_Sun Centro_A Duy_SRT - Copy 5,,120238766727620504,l√™n n√∫i t√¨m zai - Copy 5,600000,104214,New Leads Ad - Copy,,,,104214,104214,104214,,0.57%,592125,176.0,168
2025-12-31,808016768171040,Hai san 4,120238371910250504,22/12_Sun Centro_A Duy_SRT - Copy 5,,120238766850900504,l√™n n√∫i t√¨m zai - Copy 4,600000,259484,New Leads Ad - Copy,,,,259484,43247,43247,0.84%,1.68%,724816,358.0,320
2025-12-31,808016768171040,Hai san 4,120237155456060504,2/12_Sun Centro_A Duy_SRT,,120238766945880504,v√°c balo m√† ƒëi - Copy 12,300000,230214,New Leads Ad,,,,230214,7674,7674,0.63%,2.7%,207400,1110.0,920
2025-12-31,808016768171040,Hai san 4,120237155456060504,2/12_Sun Centro_A Duy_SRT,,120238767067650504,v√°c balo m√† ƒëi - Copy 11,300000,187866,New Leads Ad,,,,187866,11742,11742,1.04%,2.76%,324466,579.0,494
2025-12-31,808016768171040,Hai san 4,120237155456060504,2/12_Sun Centro_A Duy_SRT,,120238767123260504,v√°c balo m√† ƒëi - Copy 13,200000,159383,New Leads Ad,,,,159383,3542,3542,1.13%,4.23%,149655,1065.0,852
2025-12-31,808016768171040,Hai san 4,120238773004150504,26/12_Imperia Holiday H·∫° Long_Anh Duy_SRT - 3 - B·∫£n sao 7,,120238773004240504,L·∫°y c·ª• cho con nhi·ªÅu s·ªë,499999,356972,2,,,,356972,15521,15521,1.05%,1.21%,187979,1899.0,1562
2025-12-31,808016768171040,Hai san 4,120238773004170504,26/12_Imperia Holiday H·∫° Long_Anh Duy_SRT - 3 - B·∫£n sao 7,,120238773004250504,L·∫°y c·ª• cho con nhi·ªÅu s·ªë,499999,335641,2,,,,335641,19744,19744,0.45%,0.85%,167152,2008.0,1718
2025-12-31,808016768171040,Hai san 4,120238773004180504,26/12_Imperia Holiday H·∫° Long_Anh Duy_SRT - 3 - B·∫£n sao 7,,120238773004260504,L·∫°y c·ª• cho con nhi·ªÅu s·ªë,499999,411767,2,,,,411767,29412,29412,0.58%,0.9%,264972,1554.0,1330
2025-12-31,808016768171040,Hai san 4,120238773004160504,26/12_Imperia Holiday H·∫° Long_Anh Duy_SRT - 3 - B·∫£n sao 7,,120238773004230504,L·∫°y c·ª• cho con nhi·ªÅu s·ªë,499999,342563,2,1,1,342563,342563,13703,13703,0.64%,1.33%,182603,1876.0,1450
2025-12-31,808016768171040,Hai san 4,120237155456060504,2/12_Sun Centro_A Duy_SRT,,120238798975320504,v√°c balo m√† ƒëi - Copy 13,300000,178137,New Leads Ad,2,2,89068,178137,7745,7745,1.51%,3.48%,269496,661.0,603
2025-12-31,495023493199051,Hai san 5,120237305231020697,20/12_Aria Bay_Nam_SRT,1000000,120237305231040697,ƒët,,2121341,Anh ch·ªã tin kh√¥ng,3,3,707114,2121341,16703,16703,0.74%,1.39%,231765,9153.0,7856
2025-12-31,495023493199051,Hai san 5,120237469302310697,18/12_Aria Bay_Nam_SRT - ·∫£nh - B·∫£n sao 2,,120237469302300697,ƒët,500000,1748792,1,3,3,582931,1748792,1963,1963,1.08%,2.64%,51824,33745.0,25736
2025-12-31,4072718356388271,Top 1,120236613372570507,04/12_mess_Sun Feliza Suites_Qu·ªëc Th·∫Øng_ƒê·∫°i D∆∞∆°ng Xanh_0926282222,,120236613372580507,Nh√† ƒë·∫ßu t∆∞ t√¨m su·∫•t mua ∆∞u ti√™n,600000,,VIDEO - B·∫£n sao,,,,,,,,,,,0
2025-12-31,4072718356388271,Top 1,120237608145870507,25/12_Sun Feliza Suites_Qu·ªëc Th·∫Øng_ƒê·∫°i D∆∞∆°ng Xanh_0926282222,,120237608145880507,vit ti·ªÅn,899393,996775,·∫¢NH - B·∫£n sao 2,,,,996775,5417,5417,1.42%,3.31%,179341,5558.0,4900
2025-12-31,4072718356388271,Top 1,120237665842050507,25/12_Sun Feliza Suites_Qu·ªëc Th·∫Øng_ƒê·∫°i D∆∞∆°ng Xanh_0926282222 - Chi·∫øn d·ªãch t√¨m ki·∫øm kh√°ch h√†ng ti·ªÅm nƒÉng ƒë√£ ƒëi·ªÅu ch·ªânh - B·∫£n sao,,120237665842040507,vit ti·ªÅn,456666,453287,·∫¢NH - B·∫£n sao 2,,,,453287,12591,12591,1.11%,2.86%,360610,1257.0,1001
2025-12-31,2343344502789177,ADS 2,120235569141160490,27/12_BCONS NEW SKY_C Linh - B·∫£n sao,,120235569141150490,ch,189999,10727,2 - B·∫£n sao 3,,,,10727,10727,10727,,5.88%,631000,17.0,16
2025-12-31,2343344502789177,ADS 2,120235569141160490,27/12_BCONS NEW SKY_C Linh - B·∫£n sao,,120235572953600490,ch - B·∫£n sao,450000,298398,2 - B·∫£n sao 3,1,1,298398,298398,1831,1831,3.82%,5.36%,98190,3039.0,2544
2025-12-31,2343344502789177,ADS 2,120235599921260490,31/12_BCONS NEW SKY_C Linh,,120235599921310490,ch - B·∫£n sao 2,300000,288169,2 - B·∫£n sao 3,1,1,288169,288169,1974,1974,2.76%,4.47%,88287,3264.0,2845
2025-12-31,2343344502789177,ADS 2,120235599952100490,31/12_BCONS NEW SKY_C Linh - B·∫£n sao,,120235599952090490,ch - B·∫£n sao 2,300000,220679,2 - B·∫£n sao 4,,,,220679,13792,13792,0.5%,2.64%,364157,606.0,551
2025-12-31,766454109683951,ADS 3,120237245796750329,FiveStar | Bui Hong thuy | C·∫ßn Gi·ªù,,120237351585700329,1 ·∫£nh b·∫£ng gi√° - B·∫£n sao 5,288888,57104,1 - B·∫£n sao,,,,57104,19035,19035,0.57%,0.86%,163622,349.0,349
2025-12-31,766454109683951,ADS 3,120237245796750329,FiveStar | Bui Hong thuy | C·∫ßn Gi·ªù,,120237534517930329,1 ·∫£nh b·∫£ng gi√° - B·∫£n sao 6,288888,67204,1 - B·∫£n sao,,,,67204,11201,11201,1.27%,1.9%,213346,315.0,306
2025-12-31,766454109683951,ADS 3,120237245796750329,FiveStar | Bui Hong thuy | C·∫ßn Gi·ªù,,120237659115880329,1 ·∫£nh b·∫£ng gi√° - B·∫£n sao 7,288888,64136,1 - B·∫£n sao,,,,64136,16034,16034,0.6%,1.19%,190881,336.0,321
2025-12-31,766454109683951,ADS 3,120237245796750329,FiveStar | Bui Hong thuy | C·∫ßn Gi·ªù,,120237796796620329,1 ·∫£nh b·∫£ng gi√° - B·∫£n sao 8,288888,94669,1 - B·∫£n sao,,,,94669,23667,23667,1.0%,1.0%,236672,400.0,381
2025-12-31,766454109683951,ADS 3,120237245796750329,FiveStar | Bui Hong thuy | C·∫ßn Gi·ªù,,120237904984610329,1 ·∫£nh b·∫£ng gi√° - B·∫£n sao 7,288888,69647,1 - B·∫£n sao,,,,69647,34824,34824,0.56%,0.56%,194545,358.0,331
2025-12-31,766454109683951,ADS 3,120237245796750329,FiveStar | Bui Hong thuy | C·∫ßn Gi·ªù,,120238061715530329,1 ·∫£nh b·∫£ng gi√° - B·∫£n sao 10,288888,70225,1 - B·∫£n sao,,,,70225,10032,10032,0.71%,1.25%,125402,560.0,488
2025-12-31,766454109683951,ADS 3,120237245796750329,FiveStar | Bui Hong thuy | C·∫ßn Gi·ªù,,120238062129570329,2 ·∫£nh b·∫£ng gi√° - B·∫£n sao 11,288888,49048,1 - B·∫£n sao,,,,49048,,,,0.0%,156703,313.0,298
2025-12-31,766454109683951,ADS 3,120238250491830329,27/12_ƒê·ªông L·ª±c Tower_Th·ªã B·∫πp_Cen Land,,120238250491840329,cƒÉn h·ªô,250000,132887,2,2,1,132887,132887,2331,2331,3.38%,10.69%,249319,533.0,483
2025-12-31,766454109683951,ADS 3,120238250491830329,27/12_ƒê·ªông L·ª±c Tower_Th·ªã B·∫πp_Cen Land,,120238252253780329,cƒÉn h·ªô - Copy,200000,,2,,,,,,,,,,,0
2025-12-31,766454109683951,ADS 3,120238348052410329,FiveStar | Bui Hong thuy | C·∫ßn Gi·ªù,,120238371106640329,2 ·∫£nh b·∫£ng gi√° - B·∫£n sao 12,288888,105649,üî• R√í R·ªà QU·ª∏ CƒÇN NGO·∫†I GIAO -,,,,105649,21130,21130,0.65%,0.82%,172629,612.0,579
2025-12-31,766454109683951,ADS 3,120238348052410329,FiveStar | Bui Hong thuy | C·∫ßn Gi·ªù,,120238371106660329,2 ·∫£nh b·∫£ng gi√° - B·∫£n sao 12,288888,82556,üî• R√í R·ªà QU·ª∏ CƒÇN NGO·∫†I GIAO -,,,,82556,13759,13759,0.5%,1.0%,137364,601.0,557
2025-12-31,766454109683951,ADS 3,120238348052410329,FiveStar | Bui Hong thuy | C·∫ßn Gi·ªù,,120238371106670329,2 ·∫£nh b·∫£ng gi√° - B·∫£n sao 12,288888,137791,üî• R√í R·ªà QU·ª∏ CƒÇN NGO·∫†I GIAO -,1,,,137791,9842,9842,1.12%,1.2%,118581,1162.0,1124
2025-12-31,766454109683951,ADS 3,120238348052410329,FiveStar | Bui Hong thuy | C·∫ßn Gi·ªù,,120238371106680329,2 ·∫£nh b·∫£ng gi√° - B·∫£n sao 12,288888,31084,üî• R√í R·ªà QU·ª∏ CƒÇN NGO·∫†I GIAO -,,,,31084,10361,10361,1.6%,1.6%,166225,187.0,181
2025-12-31,1718924975486426,ƒê√¥ng T√¢y 1,120238130997280467,25/12_HIMLAMK5_CHI√äM ƒêINH_TTL,,120238131121570467,ƒê√ÇU T∆Ø,640000,688847,video,,,,45048,22524,22524,3.23%,6.45%,1453161,31.0,29
2025-12-31,1718924975486426,ƒê√¥ng T√¢y 1,120238130997280467,25/12_HIMLAMK5_CHI√äM ƒêINH_TTL,,120238131121570467,ƒê√ÇU T∆Ø,640000,688847,video - B·∫£n sao,1,1,643799,643799,27991,27991,0.38%,1.75%,488467,1318.0,1011
2025-12-31,1718924975486426,ƒê√¥ng T√¢y 1,120238215285210467,28/12_HIMLAMK5_CHI√äM ƒêINH_TTL,,120238215424720467,·∫¢NH - ad,790000,861071,·∫¢NH - B·∫£n sao,1,1,861071,861071,10763,10763,0.51%,2.25%,242350,3553.0,2495
2025-12-31,1718924975486426,ƒê√¥ng T√¢y 1,120238130997280467,25/12_HIMLAMK5_CHI√äM ƒêINH_TTL,,120238270486710467,ƒê√ÇU T∆Ø - ad,330000,345656,video - B·∫£n sao,,1,327635,327635,18202,18202,0.92%,3.32%,604493,542.0,455
2025-12-31,1718924975486426,ƒê√¥ng T√¢y 1,120238130997280467,25/12_HIMLAMK5_CHI√äM ƒêINH_TTL,,120238270486710467,ƒê√ÇU T∆Ø - ad,330000,345656,video,,1,18021,18021,4505,4505,4.88%,9.76%,439537,41.0,28
2025-12-31,1817266928894956,Bao Bao 5,120237220578910739,Aria Bay A Duy SRT 0989263838 T12 LINK 3 12/12,,120237397112230739,CAMP S·ªê - B·∫£n sao,699989,341379,VIDEO S·ªê - B·∫£n sao,,,,341200,11373,11373,1.14%,3.11%,353209,966.0,849
2025-12-31,1817266928894956,Bao Bao 5,120237220578910739,Aria Bay A Duy SRT 0989263838 T12 LINK 3 12/12,,120237397112390739,CAMP S·ªê - B·∫£n sao,199989,341987,VIDEO S·ªê,,,,341987,68397,68397,0.86%,0.86%,587607,582.0,538
2025-12-31,1817266928894956,Bao Bao 5,120237220578910739,Aria Bay A Duy SRT 0989263838 T12 LINK 3 12/12,,120237397112240739,CAMP S·ªê - B·∫£n sao,499989,337987,VIDEO S·ªê,,,,337987,37554,37554,1.05%,1.58%,594002,569.0,511
2025-12-31,1817266928894956,Bao Bao 5,120237220578910739,Aria Bay A Duy SRT 0989263838 T12 LINK 3 12/12,,120237397112440739,CAMP S·ªê - B·∫£n sao,199989,348253,VIDEO S·ªê,,,,348253,58042,58042,1.1%,1.32%,768770,453.0,419
2025-12-31,1817266928894956,Bao Bao 5,120237220578910739,Aria Bay A Duy SRT 0989263838 T12 LINK 3 12/12,,120237397112230739,CAMP S·ªê - B·∫£n sao,699989,341379,VIDEO S·ªê,,,,179,,,,0.0%,179000,1.0,1
2025-12-31,1817266928894956,Bao Bao 5,120237220578910739,Aria Bay A Duy SRT 0989263838 T12 LINK 3 12/12,,120237614515380739,CAMP S·ªê - B·∫£n sao 2,899989,344680,VIDEO S·ªê - B·∫£n sao,2,2,167347,334694,10142,10142,1.37%,3.49%,353799,946.0,797
2025-12-31,1817266928894956,Bao Bao 5,120237220578910739,Aria Bay A Duy SRT 0989263838 T12 LINK 3 12/12,,120237614515380739,CAMP S·ªê - B·∫£n sao 2,899989,344680,VIDEO S·ªê,,,,9986,4993,4993,6.25%,6.25%,312062,32.0,32
2025-12-31,1212349637468499,ƒê√¥ng T√¢y 5,120243303492140460,28/12_TRUONGPHAT_All TP_Newtown Diamond,,120243303492760460,aa,1000000,1001470,vid - B·∫£n sao,1,1,1001470,1001470,9273,9273,1.56%,1.94%,179894,5567.0,4663
2025-12-31,1212349637468499,ƒê√¥ng T√¢y 5,120243326503360460,26/12_TRUONGPHAT_All TP_Newtown Diamond - B·∫£n sao,,120243326503340460,dt,2500000,1045560,vid - B·∫£n sao 3,3,2,522780,1045560,32674,32674,0.41%,0.65%,211780,4937.0,4239
2025-12-31,1212349637468499,ƒê√¥ng T√¢y 5,120243437162750460,31/12_TRUONGPHAT_All TP_Newtown Diamond_c,,120243437163940460,a,1000000,547989,vid - B·∫£n sao 2,,,,547989,28842,28842,0.7%,0.89%,256309,2138.0,1992
2025-12-31,1186669000093636,Bao Bao 4,120243577391170051,Aria Bay A Duy SRT 0989263838 T12 LINK 4 24/12,4807692,120243577538540051,SI√äU XE mua - ad,,2959815,c·∫Øm id,2,3,336723,1010169,8784,8784,0.62%,0.92%,80730,12513.0,11990
2025-12-31,1186669000093636,Bao Bao 4,120243577391170051,Aria Bay A Duy SRT 0989263838 T12 LINK 4 24/12,4807692,120243577538540051,SI√äU XE mua - ad,,2959815,c·∫Øm id - B·∫£n sao,4,4,487412,1949646,23210,23210,0.33%,0.63%,145247,13423.0,12610
